[
  {
    "id": "f8a4379e-b261-475f-b181-7ef7a310071a",
    "data": [
      {
        "text": "Great job!",
        "userDefined": false
      }
    ],
    "isTemplate": false,
    "count": 0,
    "lang": "en",
    "updated": 0
  },
  {
    "id": "87d45a51-a4b0-49e9-96dc-36af3a551a56",
    "data": [
      {
        "text": "I didn\u0027t like the service",
        "userDefined": false
      }
    ],
    "isTemplate": false,
    "count": 0,
    "lang": "en",
    "updated": 0
  },
  {
    "id": "b2914c00-c098-4bbd-bbcf-220aa9495ee3",
    "data": [
      {
        "text": "It was too spicy",
        "userDefined": false
      }
    ],
    "isTemplate": false,
    "count": 0,
    "lang": "en",
    "updated": 0
  },
  {
    "id": "8f185495-3e5c-4d20-a9be-7fbe327fa327",
    "data": [
      {
        "text": "The food was amazing",
        "userDefined": false
      }
    ],
    "isTemplate": false,
    "count": 0,
    "lang": "en",
    "updated": 0
  },
  {
    "id": "5f167013-6733-4966-a295-4b70e8067d0b",
    "data": [
      {
        "text": "\"I want to give feedback\"",
        "userDefined": false
      }
    ],
    "isTemplate": false,
    "count": 0,
    "lang": "en",
    "updated": 0
  }
]