[
  {
    "id": "32bdd40c-e923-4746-a718-944aae20597e",
    "data": [
      {
        "text": "Help me make an order",
        "userDefined": false
      }
    ],
    "isTemplate": false,
    "count": 0,
    "lang": "en",
    "updated": 0
  },
  {
    "id": "62342549-cc1d-42fe-871d-a633d9185ebe",
    "data": [
      {
        "text": "Proceed to ordering",
        "userDefined": false
      }
    ],
    "isTemplate": false,
    "count": 0,
    "lang": "en",
    "updated": 0
  },
  {
    "id": "5453f562-cb7a-4546-aff0-062de0fb0163",
    "data": [
      {
        "text": "Let\u0027s start ordering",
        "userDefined": false
      }
    ],
    "isTemplate": false,
    "count": 0,
    "lang": "en",
    "updated": 0
  },
  {
    "id": "a3edb836-b6cc-4e4d-8322-1c0a8161bbdd",
    "data": [
      {
        "text": "I want to place a new order",
        "userDefined": false
      }
    ],
    "isTemplate": false,
    "count": 0,
    "lang": "en",
    "updated": 0
  },
  {
    "id": "18a71392-3cca-4ef9-aaf9-42c5c0d1be30",
    "data": [
      {
        "text": "Start a new order",
        "userDefined": false
      }
    ],
    "isTemplate": false,
    "count": 0,
    "lang": "en",
    "updated": 0
  },
  {
    "id": "598e5b99-eeab-4d19-a5ae-d0ad3db7a5b8",
    "data": [
      {
        "text": "new order",
        "userDefined": false
      }
    ],
    "isTemplate": false,
    "count": 0,
    "lang": "en",
    "updated": 0
  },
  {
    "id": "e664e219-1bd1-4a03-a784-dc9f99dfcf90",
    "data": [
      {
        "text": "Place new order",
        "userDefined": false
      }
    ],
    "isTemplate": false,
    "count": 0,
    "lang": "en",
    "updated": 0
  }
]