[
  {
    "id": "2c75ca38-e83b-4aaa-ac79-4201f8f7df37",
    "data": [
      {
        "text": " Track my package",
        "userDefined": false
      }
    ],
    "isTemplate": false,
    "count": 0,
    "lang": "en",
    "updated": 0
  },
  {
    "id": "c82a1089-8f9d-40eb-a11a-1c071615d61b",
    "data": [
      {
        "text": "Can you check my order status?",
        "userDefined": false
      }
    ],
    "isTemplate": false,
    "count": 0,
    "lang": "en",
    "updated": 0
  },
  {
    "id": "19791348-f507-4203-8347-bafa087d67cd",
    "data": [
      {
        "text": "Where is my order?",
        "userDefined": false
      }
    ],
    "isTemplate": false,
    "count": 0,
    "lang": "en",
    "updated": 0
  },
  {
    "id": "d4465e91-4b5c-4f5f-90c1-dee95c2e066e",
    "data": [
      {
        "text": "I want to track my order",
        "userDefined": false
      }
    ],
    "isTemplate": false,
    "count": 0,
    "lang": "en",
    "updated": 0
  },
  {
    "id": "905b9231-0641-4454-8a02-559b68560fb0",
    "data": [
      {
        "text": "track existing order",
        "userDefined": false
      }
    ],
    "isTemplate": false,
    "count": 0,
    "lang": "en",
    "updated": 0
  },
  {
    "id": "2abc722d-2e5d-47b8-9595-e771b4f23845",
    "data": [
      {
        "text": "track order",
        "userDefined": false
      }
    ],
    "isTemplate": false,
    "count": 0,
    "lang": "en",
    "updated": 0
  },
  {
    "id": "41e72c10-8105-4a7e-a53c-08552243828f",
    "data": [
      {
        "text": "check the status of my order",
        "userDefined": false
      }
    ],
    "isTemplate": false,
    "count": 0,
    "lang": "en",
    "updated": 0
  }
]