[
  {
    "value": "Pav bhaji",
    "synonyms": [
      "Pav bhaji",
      "Bhaji Pav",
      "Mumbai pav bhaji"
    ]
  },
  {
    "value": "Chole Bhature",
    "synonyms": [
      "Chole Bhature",
      "Chole",
      "Chhole",
      "Chhole Puri",
      "Puri Chhole"
    ]
  },
  {
    "value": "Pizza",
    "synonyms": [
      "Pizza",
      "Pizzas",
      "chesse pizza"
    ]
  },
  {
    "value": "Mango Lassi",
    "synonyms": [
      "Mango Lassi",
      "aam lassi",
      "mango lasi",
      "mango yogurt drink"
    ]
  },
  {
    "value": "Masala Dosa",
    "synonyms": [
      "Masala Dosa",
      "Dosa",
      "Masale Dosa"
    ]
  },
  {
    "value": "Vegetable Biryani",
    "synonyms": [
      "Vegetable Biryani",
      "Biryani",
      "Vegetable rice"
    ]
  },
  {
    "value": "Vada Pav",
    "synonyms": [
      "Vada Pav",
      "pav vada",
      "batata vada pav",
      "wada pao"
    ]
  },
  {
    "value": "Rava Dosa",
    "synonyms": [
      "Rava Dosa",
      "sooji dosa",
      "semolina pakcake",
      "instant rava dosa"
    ]
  },
  {
    "value": "Samosa",
    "synonyms": [
      "Samosa",
      "singhara",
      "aloo samosa"
    ]
  }
]